customer ID,Frequency,Profit,Sales,Recencia,CustomerValue
14860,36.0,6544.89,27434.17,1.0,235615.91
18865,35.0,4698.64,21051.06,0.0,164452.37
11365,26.0,5680.73,22551.03,0.0,147698.91
15160,29.0,4498.99,19963.41,1.0,130470.84
15565,29.0,4329.95,19844.15,1.0,125568.42
14365,30.0,4101.91,27649.33,1.0,123057.39
15805,36.0,3393.22,22015.39,0.0,122155.92
19465,35.0,2769.65,17178.44,0.0,96937.75
17305,27.0,3481.41,16729.35,1.0,93998.02
16000,32.0,2936.38,22127.18,1.0,93964.07
19480,27.0,3316.93,16487.19,0.0,89557.24
14020,32.0,2761.39,12827.27,0.0,88364.43
13975,31.0,2653.54,13405.6,0.0,82259.88
12430,29.0,2779.92,13997.59,0.0,80617.7
18295,29.0,2553.68,25570.49,0.0,74056.64
15625,26.0,2805.65,12754.41,1.0,72946.86
13840,25.0,5466.5,20188.16,2.0,68331.25
16075,25.0,2677.5,19852.77,1.0,66937.39
15640,25.0,2651.11,12637.45,0.0,66277.64
13390,27.0,2369.83,10282.79,0.0,63985.38
11920,26.0,4751.73,18296.75,2.0,61772.5
14350,20.0,2959.86,10654.53,1.0,59197.28
11185,27.0,1989.49,15376.03,1.0,53716.23
18145,23.0,4668.16,18147.96,2.0,53683.87
21535,29.0,1738.66,8888.06,0.0,50421.0
15370,27.0,1813.5,10189.51,1.0,48964.39
12985,35.0,1366.8,14823.97,1.0,47838.16
13960,36.0,2593.94,25228.53,2.0,46690.95
15775,25.0,1820.47,10582.79,1.0,45511.73
16690,38.0,2367.49,18158.46,2.0,44982.31
18325,25.0,1772.79,11778.49,1.0,44319.75
17755,28.0,1577.42,14425.1,1.0,44167.8
16360,28.0,1542.22,9983.51,1.0,43182.23
21805,22.0,3906.6,22573.37,2.0,42972.56
16150,28.0,1430.45,18281.85,0.0,40052.57
21325,22.0,1767.03,10033.19,1.0,38874.65
19240,21.0,1837.42,7186.14,1.0,38585.79
11980,23.0,1648.44,11848.16,1.0,37914.1
13345,26.0,2876.81,17054.89,2.0,37398.49
21130,37.0,1964.41,22697.58,2.0,36341.54
11785,35.0,2036.68,18446.85,2.0,35641.98
15580,23.0,1540.21,13295.86,0.0,35424.82
10735,28.0,2516.71,12984.1,2.0,35233.91
11755,29.0,1194.73,17557.46,1.0,34647.14
21475,29.0,1181.26,10722.53,1.0,34256.67
20260,26.0,1265.55,9366.19,0.0,32904.37
21250,27.0,2409.69,11830.09,2.0,32530.82
18850,40.0,3249.28,25274.47,4.0,32492.78
17170,28.0,2319.7,11256.32,2.0,32475.87
17845,30.0,1064.31,14947.88,1.0,31929.22
12400,23.0,1373.06,10221.36,1.0,31580.44
20920,28.0,6649.63,28124.21,6.0,31031.59
17785,26.0,1185.03,11676.13,0.0,30810.66
17395,25.0,1141.97,14507.08,0.0,28549.32
21895,26.0,4324.91,19998.08,4.0,28111.9
20935,28.0,1000.17,15197.69,0.0,28004.84
14665,29.0,1877.94,12921.45,2.0,27230.14
16675,23.0,2265.91,13531.28,2.0,26057.97
13225,29.0,898.32,9246.47,1.0,26051.4
15310,24.0,2095.91,12733.7,2.0,25150.94
15760,28.0,1755.59,18103.64,2.0,24578.26
19225,30.0,1613.62,11915.2,2.0,24204.35
17635,34.0,3529.49,21113.51,5.0,24000.55
13765,28.0,1685.96,20259.92,2.0,23603.46
10210,34.0,4139.66,20365.74,6.0,23458.08
20110,35.0,5863.62,29532.63,9.0,22802.98
12880,31.0,2112.65,14415.34,3.0,21830.67
17365,33.0,3300.32,20317.01,5.0,21782.13
10300,23.0,1845.77,13013.88,2.0,21226.32
17260,26.0,3160.31,15713.72,4.0,20542.0
17320,30.0,3359.65,24527.03,5.0,20157.9
18205,26.0,1540.23,16362.9,2.0,20023.01
16315,28.0,1420.09,14542.76,2.0,19881.23
16600,22.0,887.35,10295.96,1.0,19521.64
14275,22.0,3539.42,13569.57,4.0,19466.82
15190,28.0,4108.55,17064.71,6.0,19173.22
16765,29.0,3948.66,17253.78,6.0,19085.2
17695,25.0,760.91,16221.63,0.0,19022.79
19285,23.0,4132.9,16816.43,5.0,19011.34
14710,29.0,5164.85,34471.89,8.0,18722.57
16045,24.0,778.63,13851.28,0.0,18687.1
19735,22.0,824.76,12139.09,1.0,18144.69
13090,36.0,4004.44,19178.64,8.0,18019.96
18895,28.0,1270.1,13941.69,2.0,17781.38
20170,15.0,2342.9,12950.93,2.0,17571.75
16375,28.0,1194.45,16394.46,2.0,16722.37
15970,24.0,688.97,17105.47,0.0,16535.35
10075,32.0,986.04,18109.86,2.0,15776.69
19945,23.0,678.96,11696.03,1.0,15616.1
10450,19.0,4105.6,16126.39,5.0,15601.3
15415,22.0,1396.65,14717.47,2.0,15363.1
19840,30.0,3052.17,15077.48,6.0,15260.85
18550,25.0,1206.92,10993.42,2.0,15086.56
5085,12.0,1253.67,5766.24,1.0,15044.08
14875,32.0,2324.02,14312.8,5.0,14873.73
20080,17.0,2551.8,10774.5,3.0,14460.2
12190,24.0,598.48,11375.05,0.0,14363.56
16960,21.0,1365.98,11812.1,2.0,14342.81
15715,35.0,3648.01,22275.27,9.0,14186.7
13375,26.0,2159.8,16258.53,4.0,14038.69
14470,33.0,2885.99,20869.7,7.0,13605.4
13510,30.0,2695.86,15420.29,6.0,13479.31
10570,17.0,1584.83,9445.65,2.0,13471.07
19675,19.0,2810.51,11151.96,4.0,13349.91
16090,33.0,3195.37,21918.74,8.0,13180.91
13105,25.0,3099.95,18930.03,6.0,12916.44
21640,32.0,1989.99,13973.78,5.0,12735.92
17470,28.0,2231.36,12928.8,5.0,12495.61
12205,38.0,1311.21,13625.21,4.0,12456.46
14725,24.0,1012.27,8817.55,2.0,12147.26
20200,27.0,2214.17,13019.63,5.0,11956.51
11725,30.0,1574.14,10877.83,4.0,11806.02
16240,26.0,1801.54,9900.7,4.0,11710.01
15820,31.0,4829.67,23586.72,13.0,11516.91
15220,32.0,4115.15,23103.73,12.0,10973.74
20530,31.0,2074.56,14064.01,6.0,10718.58
17230,22.0,1946.7,10577.17,4.0,10706.83
19360,25.0,8523.95,29197.63,20.0,10654.94
12910,27.0,781.99,12338.28,2.0,10556.86
17800,24.0,2638.81,13709.12,6.0,10555.24
20590,26.0,2015.95,12181.43,5.0,10482.92
10870,36.0,1736.07,26487.26,6.0,10416.43
18250,32.0,2272.41,20425.3,7.0,10388.16
19030,31.0,2322.4,12810.06,7.0,10284.91
12460,22.0,2801.27,20084.22,6.0,10271.33
14590,28.0,1826.52,18005.0,5.0,10228.5
11250,15.0,656.02,7270.84,1.0,9840.24
11830,24.0,2444.7,16828.82,6.0,9778.8
18475,22.0,2633.76,10630.91,6.0,9657.12
12700,30.0,2563.44,17943.65,8.0,9612.92
15400,33.0,1992.26,13085.5,7.0,9392.09
11095,31.0,599.43,8327.87,2.0,9291.18
15520,26.0,2854.75,16429.05,8.0,9277.93
16780,32.0,3754.02,24273.0,13.0,9240.66
18460,21.0,2197.42,12061.44,5.0,9229.18
20695,33.0,2516.16,21931.04,9.0,9225.94
21340,31.0,2377.12,16997.03,8.0,9211.33
20980,28.0,8787.47,34218.27,27.0,9112.94
14740,24.0,377.68,10793.73,1.0,9064.24
11320,32.0,1409.62,13390.27,5.0,9021.57
13015,29.0,1530.86,15626.53,5.0,8879.0
15430,30.0,1477.2,11806.2,5.0,8863.19
18985,28.0,2531.14,12540.66,8.0,8859.0
17920,33.0,1824.22,20383.65,7.0,8599.89
21880,25.0,3091.59,18703.61,9.0,8587.76
12805,19.0,1737.44,9764.13,4.0,8252.86
15235,24.0,4370.95,18725.39,13.0,8069.44
21385,23.0,6274.99,35668.12,18.0,8018.04
11335,36.0,7790.7,27158.02,35.0,8013.29
11425,21.0,1904.9,12356.59,5.0,8000.57
11740,23.0,2084.92,14689.34,6.0,7992.21
19330,32.0,3737.59,18359.77,15.0,7973.52
11905,24.0,2635.85,12917.63,8.0,7907.55
12640,24.0,1295.16,12279.23,4.0,7770.98
20725,29.0,1874.83,13975.42,7.0,7767.13
20035,36.0,2785.23,15192.38,13.0,7712.94
10105,30.0,6912.61,22966.78,27.0,7680.68
10540,15.0,3050.91,7983.95,6.0,7627.28
15490,29.0,1048.32,9234.53,4.0,7600.3
19075,28.0,2170.26,17668.91,8.0,7595.92
19210,26.0,2313.68,18967.66,8.0,7519.46
11170,31.0,3859.22,22314.84,16.0,7477.24
10015,32.0,3719.49,20037.5,16.0,7438.98
15895,31.0,1430.55,16711.32,6.0,7391.16
20485,32.0,3430.92,16802.06,15.0,7319.29
21100,27.0,1587.79,13684.87,6.0,7145.04
13330,32.0,2652.75,16781.63,12.0,7074.01
10510,28.0,3518.96,14277.89,14.0,7037.92
14620,23.0,3611.16,19215.77,12.0,6921.39
13600,20.0,1722.94,11912.76,5.0,6891.76
12940,33.0,5505.92,25641.46,27.0,6729.46
18115,26.0,1250.67,12017.1,5.0,6503.47
13195,24.0,1623.38,9689.32,6.0,6493.53
13165,25.0,1808.32,22211.28,7.0,6458.28
10225,28.0,2718.66,21366.9,12.0,6343.54
15025,28.0,1357.64,14737.81,6.0,6335.67
17050,22.0,1150.05,12933.87,4.0,6325.26
21310,32.0,2742.92,12305.23,14.0,6269.53
15385,24.0,2086.8,12978.93,8.0,6260.39
16390,29.0,4067.82,19350.15,19.0,6208.78
21460,31.0,2390.94,18432.01,12.0,6176.58
13585,37.0,821.81,12143.04,5.0,6081.42
13885,31.0,2933.26,18018.88,15.0,6062.08
10360,33.0,2748.48,16730.33,15.0,6046.65
10435,24.0,3016.9,13654.31,12.0,6033.8
14800,23.0,1570.15,9902.5,6.0,6018.89
13240,28.0,3822.69,22225.61,18.0,5946.41
10030,27.0,2601.43,14439.5,12.0,5853.22
17095,26.0,2003.33,15598.15,9.0,5787.39
13915,32.0,2159.58,16283.36,12.0,5758.89
19045,26.0,4426.2,29252.32,20.0,5754.05
15175,27.0,1268.03,13499.87,6.0,5706.14
20740,32.0,4096.09,17220.18,23.0,5698.91
11845,26.0,3274.99,20471.05,15.0,5676.64
18385,29.0,1362.27,28044.36,7.0,5643.7
14425,30.0,3375.23,20039.76,18.0,5625.38
10615,29.0,1160.68,12729.72,6.0,5609.93
19270,26.0,1507.91,13725.58,7.0,5600.81
19990,19.0,2320.06,10932.97,8.0,5510.13
13210,26.0,1479.97,13743.6,7.0,5497.02
12475,28.0,3120.16,17159.8,16.0,5460.29
21505,26.0,2306.84,17613.42,11.0,5452.53
21910,36.0,452.5,28472.82,3.0,5430.04
12115,20.0,2164.82,14657.95,8.0,5412.04
18220,25.0,3596.31,20592.08,17.0,5288.7
18445,31.0,5095.16,20223.24,30.0,5265.0
1425,8.0,651.93,2671.26,1.0,5215.42
16330,26.0,3205.86,15045.64,16.0,5209.52
17425,30.0,3980.56,15055.41,23.0,5192.03
18535,22.0,1414.98,11054.38,6.0,5188.25
11560,19.0,1909.86,9356.78,7.0,5183.92
13060,25.0,3315.62,23476.91,16.0,5180.66
12610,28.0,2950.19,16822.64,16.0,5162.84
20515,18.0,285.97,7480.62,0.0,5147.39
10165,28.0,2329.47,11649.27,13.0,5017.32
21850,37.0,2694.5,16704.66,20.0,4984.83
15655,33.0,1190.07,16294.73,8.0,4909.06
11965,26.0,3382.26,21110.52,18.0,4885.49
16735,28.0,1566.24,12686.04,9.0,4872.75
15040,19.0,7657.5,29664.23,30.0,4849.75
21145,25.0,2131.01,18419.94,11.0,4843.2
20020,31.0,1231.52,10579.47,8.0,4772.12
10825,37.0,2828.1,15311.04,22.0,4756.36
20755,31.0,2295.71,23321.58,15.0,4744.46
11515,21.0,2018.7,10272.23,9.0,4710.29
19915,27.0,2078.76,20975.19,12.0,4677.2
14140,30.0,3683.12,21507.29,24.0,4603.9
13630,25.0,2205.88,12560.13,12.0,4595.58
11290,29.0,1858.83,12448.9,12.0,4492.17
11455,26.0,517.91,17643.53,3.0,4488.59
13150,21.0,2064.72,15983.71,10.0,4335.92
11800,21.0,1851.86,10887.21,9.0,4321.01
14305,37.0,2567.11,15614.22,22.0,4317.42
14215,30.0,1000.97,14353.4,7.0,4289.87
2325,8.0,531.2,3125.29,0.0,4249.56
18040,18.0,1646.93,8677.6,7.0,4234.97
20230,24.0,2785.05,20333.87,16.0,4177.58
16225,18.0,227.24,7754.55,0.0,4090.31
11710,29.0,3243.94,23537.34,23.0,4090.19
16630,27.0,1205.67,7220.7,8.0,4069.13
18610,21.0,3867.61,19181.93,20.0,4060.99
13420,28.0,3173.14,22142.43,22.0,4038.54
20845,22.0,1435.04,9898.63,8.0,3946.36
13270,25.0,1420.46,11690.37,9.0,3945.72
11470,28.0,1548.04,23378.1,11.0,3940.47
18280,25.0,1877.07,7134.3,12.0,3910.57
14005,27.0,285.65,10374.94,2.0,3856.24
10645,35.0,3051.44,15343.89,28.0,3814.3
18775,33.0,1729.75,11370.47,15.0,3805.46
17935,20.0,1517.15,12870.93,8.0,3792.88
21070,31.0,1698.4,15673.06,14.0,3760.74
15955,30.0,624.8,10640.83,5.0,3748.78
19690,24.0,2312.26,11200.14,15.0,3699.61
16495,33.0,5152.96,24996.5,46.0,3696.69
12565,30.0,614.58,17008.14,5.0,3687.5
12835,29.0,2632.19,17590.55,21.0,3634.93
11635,25.0,1303.62,11230.7,9.0,3621.16
18370,22.0,1970.28,10913.15,12.0,3612.18
18520,26.0,2631.05,12328.61,19.0,3600.38
21235,26.0,1106.72,12896.25,8.0,3596.84
16795,31.0,4515.38,24589.87,39.0,3589.15
14095,17.0,1684.95,10889.7,8.0,3580.53
11050,21.0,845.08,5403.79,5.0,3549.33
20245,26.0,1622.77,13576.68,12.0,3516.0
18805,19.0,1479.58,12075.4,8.0,3514.0
21400,25.0,3471.76,21375.99,25.0,3471.76
16915,25.0,3604.46,22434.09,26.0,3465.83
13180,29.0,1669.79,13447.41,14.0,3458.85
18430,28.0,3320.7,18970.41,27.0,3443.68
17530,24.0,2150.45,13335.04,15.0,3440.73
11500,27.0,2412.36,13089.85,19.0,3428.09
13315,27.0,2265.23,18505.6,18.0,3397.84
10060,31.0,4514.06,18416.55,42.0,3331.81
21565,28.0,1650.49,12429.8,14.0,3300.98
14455,17.0,3106.23,10523.65,16.0,3300.37
15925,18.0,1649.13,12325.29,9.0,3298.27
16570,33.0,2191.57,9256.06,22.0,3287.35
11875,23.0,1857.24,12538.83,13.0,3285.89
15130,27.0,967.88,12908.5,8.0,3266.59
21700,25.0,912.21,18099.31,7.0,3257.9
18625,29.0,2229.91,16901.52,20.0,3233.38
13900,21.0,3360.55,16562.35,22.0,3207.79
18055,25.0,1901.28,11163.59,15.0,3168.8
10705,29.0,2728.65,24218.56,25.0,3165.23
16270,29.0,3914.23,23204.27,36.0,3153.13
10330,27.0,929.47,14534.51,8.0,3136.95
17140,28.0,1454.41,13128.24,13.0,3132.57
21370,27.0,4101.15,23201.68,36.0,3075.86
13495,27.0,2474.76,15872.18,22.0,3037.21
20095,28.0,8106.22,25602.61,75.0,3026.32
14065,16.0,3017.73,12108.31,16.0,3017.73
14575,24.0,1621.01,10748.99,13.0,2992.64
12265,31.0,3270.72,18472.67,34.0,2982.13
16810,24.0,1737.12,10429.25,14.0,2977.92
12055,22.0,1738.37,10691.03,13.0,2941.86
19810,29.0,1417.28,7091.1,14.0,2935.79
11005,25.0,939.24,23347.84,8.0,2935.12
21205,32.0,2350.44,13888.62,26.0,2892.85
10285,29.0,1794.86,16179.86,18.0,2891.73
18595,22.0,1438.95,10535.3,11.0,2877.91
11650,24.0,3927.17,14921.0,33.0,2856.12
19150,31.0,460.2,7907.26,5.0,2853.22
18820,35.0,1626.92,14635.94,20.0,2847.11
19585,29.0,2450.57,16315.11,25.0,2842.66
17380,28.0,2926.33,14724.15,29.0,2825.43
17200,24.0,1756.44,15258.74,15.0,2810.31
10690,30.0,2795.84,16276.16,30.0,2795.84
17485,27.0,1650.88,10563.37,16.0,2785.87
12370,30.0,3982.93,28229.85,43.0,2778.79
17770,35.0,2685.68,17382.94,34.0,2764.67
16525,34.0,1299.91,17449.9,16.0,2762.32
10855,22.0,1612.76,8358.6,13.0,2729.29
18970,33.0,2205.43,18222.4,27.0,2695.52
10090,30.0,1344.96,15009.47,15.0,2689.92
16435,23.0,3026.04,15319.97,26.0,2676.88
18715,33.0,3779.17,17763.95,47.0,2653.46
19720,29.0,1897.12,10902.53,21.0,2619.83
10375,23.0,677.48,5884.2,6.0,2597.0
21160,22.0,939.35,6805.94,8.0,2583.22
20215,31.0,2332.81,14709.7,28.0,2582.75
11665,24.0,3112.16,17468.88,29.0,2575.58
21730,28.0,2741.21,11629.27,30.0,2558.46
17740,26.0,2054.66,15347.66,21.0,2543.87
15880,19.0,1471.05,10443.1,11.0,2540.9
6780,12.0,208.29,3589.44,1.0,2499.48
11260,27.0,2389.45,13294.69,26.0,2481.36
19795,34.0,2323.66,19056.88,32.0,2468.89
12250,29.0,2210.83,12496.11,26.0,2465.93
11155,23.0,3395.31,13696.14,32.0,2440.38
19315,20.0,2304.38,11765.04,19.0,2425.67
21610,30.0,1614.15,20565.95,20.0,2421.22
11995,27.0,2509.4,13715.8,28.0,2419.77
17440,25.0,771.44,7945.05,8.0,2410.74
17650,21.0,2178.17,12717.27,19.0,2407.45
20455,22.0,764.2,6038.02,7.0,2401.76
18925,20.0,1782.97,14256.72,15.0,2377.3
20785,27.0,1921.94,14262.94,22.0,2358.74
11125,28.0,2755.68,14789.45,33.0,2338.15
19540,25.0,3925.02,19423.69,42.0,2336.32
13540,19.0,1471.87,13166.42,12.0,2330.46
16885,28.0,1325.48,17058.81,16.0,2319.58
20440,23.0,890.46,7677.44,9.0,2275.62
10840,25.0,1444.83,13200.26,16.0,2257.55
11395,23.0,2743.96,11347.53,28.0,2253.97
15835,30.0,1576.54,22594.04,21.0,2252.2
19510,25.0,1801.0,11599.39,20.0,2251.25
20335,27.0,2389.63,15534.95,29.0,2224.82
19255,23.0,2407.6,18192.92,25.0,2214.99
14935,28.0,2653.7,17199.2,34.0,2185.4
21025,26.0,3412.95,13931.9,41.0,2164.31
11110,35.0,3337.47,30613.62,54.0,2163.17
2370,8.0,1620.4,6957.23,6.0,2160.54
18835,17.0,4889.27,13639.5,39.0,2131.22
19765,25.0,3046.32,13582.12,36.0,2115.5
10555,16.0,1850.52,5446.61,14.0,2114.88
19900,27.0,2475.08,13485.75,32.0,2088.35
15535,20.0,1460.24,6942.4,14.0,2086.06
11275,22.0,565.07,9578.6,6.0,2071.92
13615,28.0,1995.25,10031.46,27.0,2069.15
19705,16.0,2069.08,9288.08,16.0,2069.08
11035,33.0,1749.98,19899.15,28.0,2062.48
19570,25.0,1646.11,10961.63,20.0,2057.64
17335,24.0,1794.6,14463.93,21.0,2050.97
12385,25.0,3029.96,21882.97,37.0,2047.27
18490,23.0,2309.49,11483.19,26.0,2043.01
11680,22.0,1663.91,14087.76,18.0,2033.67
15595,18.0,562.57,9334.64,5.0,2025.24
12415,23.0,2271.9,12705.55,26.0,2009.75
13660,19.0,1267.34,11397.06,12.0,2006.62
20650,23.0,1739.28,10377.87,20.0,2000.17
18505,25.0,479.1,14834.29,6.0,1996.26
17830,26.0,1765.39,11783.4,23.0,1995.66
17965,37.0,1455.21,17228.5,27.0,1994.18
7050,7.0,1697.56,7193.65,6.0,1980.49
8205,7.0,282.2,1648.94,1.0,1975.43
12220,30.0,1315.81,7308.73,20.0,1973.71
14110,21.0,3285.62,13665.47,35.0,1971.37
14440,26.0,1431.28,15782.46,19.0,1958.59
8235,6.0,325.75,1070.77,0.0,1954.51
16510,25.0,1713.8,15340.4,22.0,1947.5
21625,31.0,1867.52,13266.2,30.0,1929.77
13300,28.0,2067.26,13731.43,30.0,1929.44
13255,22.0,1657.89,10085.79,19.0,1919.66
15265,27.0,2623.99,15036.55,37.0,1914.8
10180,27.0,2050.75,17858.5,29.0,1909.32
10885,35.0,2882.91,19711.17,53.0,1903.81
12445,24.0,1188.13,11971.71,15.0,1901.0
3510,7.0,1614.6,5976.69,6.0,1883.7
12010,26.0,2386.72,19356.0,33.0,1880.45
315,7.0,535.57,2243.26,2.0,1874.48
4440,8.0,233.74,735.22,1.0,1869.89
15700,16.0,815.85,9568.32,7.0,1864.81
18190,30.0,1178.66,15577.04,19.0,1861.04
19375,25.0,1331.51,16077.68,18.0,1849.32
13645,24.0,1997.83,12083.48,26.0,1844.15
16165,20.0,1839.81,8352.72,20.0,1839.81
19885,23.0,3419.96,15435.5,43.0,1829.28
14290,30.0,2191.58,14382.32,36.0,1826.32
16975,21.0,1737.88,8646.92,20.0,1824.77
14920,25.0,1457.36,9740.4,20.0,1821.71
20350,21.0,1036.44,6923.25,12.0,1813.78
11020,24.0,1133.26,10201.28,15.0,1813.21
8385,10.0,180.55,3736.9,1.0,1805.49
15280,21.0,1203.1,7123.57,14.0,1804.65
11770,26.0,2397.81,10168.33,35.0,1781.23
13405,25.0,1988.81,16083.96,28.0,1775.73
19405,21.0,2356.01,12073.09,28.0,1767.01
16450,26.0,2512.59,16294.7,37.0,1765.61
12955,32.0,2206.22,19862.58,40.0,1764.98
19960,22.0,1758.09,7897.87,22.0,1758.09
18730,32.0,1797.76,19493.77,33.0,1743.28
10630,19.0,3194.36,9815.94,35.0,1734.08
12730,23.0,1648.04,19487.96,22.0,1722.95
16660,29.0,888.34,10785.26,15.0,1717.46
11245,22.0,3415.05,20681.68,44.0,1707.52
18655,21.0,1537.07,9647.2,19.0,1698.87
14155,23.0,1975.12,12324.84,27.0,1682.51
14080,24.0,1925.19,16236.01,28.0,1650.16
15355,21.0,1016.67,7343.57,13.0,1642.31
14230,29.0,1245.26,13535.06,22.0,1641.48
19495,27.0,1457.38,13295.75,24.0,1639.55
4290,8.0,409.71,2002.71,2.0,1638.84
10930,22.0,2585.88,10230.96,35.0,1625.41
10945,29.0,1567.64,11087.02,28.0,1623.63
12595,32.0,2175.85,16480.87,43.0,1619.23
18955,30.0,2902.39,21884.18,54.0,1612.44
20680,29.0,1165.43,13477.06,21.0,1609.41
14200,21.0,3138.34,17087.78,41.0,1607.44
16180,31.0,2588.28,18267.01,50.0,1604.73
20395,33.0,1112.06,12849.17,23.0,1595.57
20380,37.0,1282.25,16122.72,30.0,1581.44
17515,25.0,1454.62,13383.98,23.0,1581.11
18880,29.0,1362.83,13243.62,25.0,1580.88
10240,30.0,630.38,9006.67,12.0,1575.96
15730,33.0,2283.76,20825.89,48.0,1570.09
16135,33.0,2036.01,10163.51,43.0,1562.52
19750,19.0,1314.88,6475.01,16.0,1561.42
13435,31.0,3207.43,15280.89,64.0,1553.6
14770,17.0,1182.9,11126.93,13.0,1546.87
21490,26.0,2378.52,13908.86,40.0,1546.04
12535,27.0,2401.91,18108.67,42.0,1544.08
12520,18.0,2398.13,13545.47,28.0,1541.66
20635,25.0,1848.31,13546.75,30.0,1540.26
15055,15.0,1534.03,5154.84,15.0,1534.03
4755,8.0,190.85,3457.58,0.0,1526.78
11545,25.0,1686.66,15797.57,28.0,1505.95
12175,29.0,3114.01,16706.1,60.0,1505.1
20620,31.0,242.05,19113.67,5.0,1500.73
13465,20.0,2167.68,12910.88,29.0,1494.95
18085,29.0,2236.31,14744.23,44.0,1473.93
10585,21.0,1458.35,9125.89,21.0,1458.35
10345,25.0,1683.93,14165.8,29.0,1451.66
14890,27.0,2306.94,13886.44,43.0,1448.55
16285,18.0,2976.39,15164.87,37.0,1447.97
5235,4.0,359.74,1751.71,1.0,1438.97
11925,9.0,478.42,2951.23,3.0,1435.25
10720,20.0,2937.47,15362.06,41.0,1432.91
16540,25.0,2343.88,18897.13,41.0,1429.2
10150,24.0,2064.21,13057.29,35.0,1415.46
15250,23.0,2152.67,15594.46,35.0,1414.61
16420,31.0,1186.16,12928.69,26.0,1414.26
21175,26.0,2111.05,16573.6,39.0,1407.36
19015,22.0,1212.81,9230.88,19.0,1404.31
15295,24.0,3263.3,20382.25,56.0,1398.56
11380,22.0,1776.7,18305.98,28.0,1395.98
12280,24.0,2367.38,16779.55,41.0,1385.78
18760,27.0,1485.31,15926.55,29.0,1382.87
3015,6.0,460.89,2105.79,2.0,1382.67
16900,29.0,995.4,12098.38,21.0,1374.6
14245,23.0,2492.32,10867.81,42.0,1364.84
16210,20.0,1221.95,12589.96,18.0,1357.72
12820,24.0,3391.19,14470.55,60.0,1356.48
20275,32.0,884.93,15564.97,21.0,1348.46
10270,25.0,2152.0,10637.4,40.0,1345.0
13285,23.0,1043.39,16164.65,18.0,1333.22
20155,31.0,1244.19,14380.69,29.0,1330.0
20125,29.0,1463.37,10562.09,32.0,1326.18
17290,25.0,1950.61,13718.7,37.0,1317.98
13930,18.0,1385.48,9533.95,19.0,1312.56
21295,28.0,1263.55,19391.9,27.0,1310.35
21670,21.0,2243.66,14754.87,36.0,1308.8
14605,25.0,934.72,16239.49,18.0,1298.22
16855,30.0,1813.19,13361.93,42.0,1295.14
12775,26.0,4605.48,18350.46,93.0,1287.55
16720,22.0,1637.17,14041.02,28.0,1286.35
12130,22.0,641.45,10981.23,11.0,1282.91
9105,4.0,320.54,1808.21,0.0,1282.15
17245,23.0,1878.18,10758.99,34.0,1270.53
14650,28.0,1491.59,12902.96,33.0,1265.59
15085,25.0,657.5,10383.13,13.0,1264.41
21745,21.0,717.73,9961.05,12.0,1256.03
17035,26.0,2165.7,16118.97,45.0,1251.29
17860,28.0,1596.31,15575.65,36.0,1241.57
16930,26.0,1932.34,11660.69,41.0,1225.39
19870,19.0,1222.85,7090.96,19.0,1222.85
16255,25.0,2139.71,9321.96,44.0,1215.75
8460,10.0,971.43,2722.98,8.0,1214.29
11410,30.0,3398.1,16552.07,84.0,1213.61
14980,29.0,1044.71,12718.79,25.0,1211.86
14515,24.0,1108.48,12488.67,22.0,1209.25
14785,28.0,1803.14,16749.14,42.0,1202.1
11695,19.0,568.97,10723.32,9.0,1201.16
20710,23.0,2295.45,12703.94,44.0,1199.89
15910,30.0,1635.4,12532.72,41.0,1196.63
15460,26.0,1639.94,10916.37,36.0,1184.4
17410,29.0,1338.59,14981.7,33.0,1176.34
12310,21.0,727.93,7166.23,13.0,1175.88
19450,18.0,1501.19,10660.49,23.0,1174.84
20950,29.0,1009.44,11552.78,25.0,1170.95
10765,26.0,1250.58,9824.78,28.0,1161.26
16990,20.0,1335.35,9111.85,23.0,1161.17
17350,29.0,1040.96,16455.33,26.0,1161.07
15745,33.0,1123.48,19629.13,32.0,1158.59
15685,25.0,1848.05,14338.52,40.0,1155.03
19600,21.0,329.75,4629.7,6.0,1154.13
17575,32.0,966.03,14281.65,27.0,1144.92
17215,24.0,994.56,10529.49,21.0,1136.64
19135,21.0,648.85,9857.66,12.0,1135.49
21595,26.0,1219.02,8437.99,28.0,1131.95
13480,22.0,3315.69,16336.86,65.0,1122.23
12100,24.0,2384.26,11500.12,51.0,1122.0
18640,36.0,1116.05,14866.09,36.0,1116.05
19975,28.0,987.22,10893.51,25.0,1105.69
17275,33.0,1463.08,11680.05,44.0,1097.31
11485,28.0,1170.75,8878.05,30.0,1092.7
5970,7.0,153.36,1057.23,0.0,1073.5
11590,21.0,1783.46,11358.59,35.0,1070.08
20815,24.0,1515.81,14575.5,34.0,1069.98
10315,19.0,447.69,13747.41,8.0,1063.26
20575,32.0,896.36,9685.42,27.0,1062.35
15610,25.0,1780.08,13192.69,42.0,1059.57
11200,27.0,1567.88,11862.37,40.0,1058.32
16750,21.0,597.01,7945.09,12.0,1044.77
20800,23.0,1354.2,11321.28,30.0,1038.22
12550,24.0,1167.46,7908.65,27.0,1037.74
18175,36.0,455.3,22045.25,16.0,1024.42
11145,10.0,1228.81,3799.93,12.0,1024.01
12235,22.0,1954.0,11377.59,42.0,1023.52
14320,28.0,840.64,9939.05,23.0,1023.39
10495,29.0,2749.06,15380.31,78.0,1022.09
1050,9.0,1245.88,4981.54,11.0,1019.36
17110,25.0,1382.28,12986.77,34.0,1016.39
18940,23.0,926.33,12893.59,21.0,1014.55
16555,26.0,580.92,12064.39,15.0,1006.93
11080,21.0,1187.57,10134.56,25.0,997.56
21115,24.0,1775.34,13483.62,43.0,990.89
16405,26.0,724.0,13786.09,19.0,990.73
10915,31.0,2420.11,15877.86,76.0,987.15
11935,17.0,2081.09,9689.01,36.0,982.74
9090,5.0,393.03,4686.03,2.0,982.57
870,9.0,542.23,1700.08,5.0,976.02
18025,19.0,1010.94,11753.7,20.0,960.39
13825,26.0,2018.14,14128.08,55.0,954.03
13135,18.0,474.0,10240.38,9.0,948.0
15010,24.0,2109.31,13731.74,54.0,937.47
15205,24.0,2359.56,10917.0,61.0,928.35
21010,27.0,2198.64,14158.96,64.0,927.55
19345,26.0,2277.38,13391.27,64.0,925.19
10900,28.0,1879.77,18174.17,57.0,923.39
15145,23.0,2280.95,10440.98,57.0,920.38
15865,28.0,2234.25,20841.95,68.0,919.98
5145,6.0,764.3,2904.71,5.0,917.16
11215,27.0,878.91,12968.94,26.0,912.71
17710,25.0,1057.94,8500.63,29.0,912.02
3930,9.0,706.27,2433.52,7.0,908.06
14485,21.0,2200.75,14692.67,51.0,906.19
18670,19.0,2741.6,12839.01,58.0,898.11
12625,26.0,1478.58,17271.21,43.0,894.02
16825,20.0,982.01,9990.86,22.0,892.74
19435,28.0,605.44,11618.08,19.0,892.23
12745,31.0,1721.26,13928.47,60.0,889.32
5895,6.0,296.24,2770.43,2.0,888.73
13990,25.0,1552.32,8807.08,44.0,882.0
19555,21.0,293.0,8944.31,7.0,879.01
20545,20.0,698.14,6801.2,16.0,872.67
17980,27.0,834.61,16210.57,26.0,866.71
16345,15.0,2363.13,11157.04,41.0,864.56
13690,23.0,711.42,13098.34,19.0,861.19
13750,20.0,1368.59,8489.99,32.0,855.37
10780,23.0,1784.25,15186.07,48.0,854.95
11220,9.0,472.38,1826.4,5.0,850.28
7065,4.0,1474.68,6280.47,7.0,842.67
21055,28.0,1026.21,13671.71,35.0,820.97
16870,21.0,1048.35,9859.89,27.0,815.38
20860,26.0,1688.55,12994.59,54.0,813.0
10045,28.0,660.92,12596.29,23.0,804.6
14545,23.0,2645.3,11593.73,76.0,800.55
18355,21.0,1826.7,9262.73,48.0,799.18
18790,19.0,2390.08,9435.57,57.0,796.69
19090,22.0,216.67,8370.78,6.0,794.46
3675,12.0,1308.14,4661.84,20.0,784.89
2250,4.0,391.67,1917.62,2.0,783.35
21865,27.0,1239.57,11187.15,43.0,778.34
17665,28.0,1417.47,13366.53,51.0,778.22
10810,27.0,1028.39,14537.8,36.0,771.29
1800,9.0,931.34,6364.85,11.0,762.01
1065,5.0,3341.34,9027.48,22.0,759.4
10420,22.0,206.48,10607.69,6.0,757.1
13045,24.0,599.19,18106.01,19.0,756.87
15325,28.0,2059.36,17000.84,77.0,748.86
11305,23.0,908.18,10321.82,28.0,746.0
15475,21.0,1223.32,5905.08,35.0,733.99
10975,21.0,1217.01,8104.78,35.0,730.21
21760,27.0,2016.15,16935.56,75.0,725.81
19660,21.0,3171.7,12947.97,93.0,716.19
9450,12.0,890.22,5678.7,15.0,712.18
13945,26.0,1551.08,7832.69,57.0,707.51
21220,22.0,1188.83,13224.56,37.0,706.87
12580,19.0,818.03,8700.31,22.0,706.48
20365,31.0,1964.5,22376.45,87.0,699.99
7575,8.0,783.32,3619.19,9.0,696.28
17545,22.0,3060.92,19246.71,97.0,694.23
17680,28.0,892.43,16061.64,36.0,694.12
600,5.0,964.65,5408.55,7.0,689.04
17605,26.0,1296.29,13019.2,49.0,687.83
12790,25.0,2080.48,13468.11,76.0,684.37
13780,20.0,478.53,6333.92,14.0,683.62
9345,5.0,816.58,3208.03,6.0,680.48
2220,12.0,1190.08,4174.18,21.0,680.05
17005,26.0,1252.64,11461.65,49.0,664.67
18565,25.0,2257.84,19941.7,85.0,664.07
12340,29.0,182.97,20109.47,8.0,663.27
17815,25.0,1295.0,13845.52,49.0,660.71
10795,22.0,1861.09,8887.08,62.0,660.39
17590,25.0,1337.61,10118.84,51.0,655.69
14395,25.0,1651.76,16972.75,63.0,655.46
21190,17.0,1872.82,10686.47,49.0,649.75
20830,29.0,1411.25,15622.38,63.0,649.62
19630,25.0,1999.62,9425.92,77.0,649.23
11530,23.0,930.83,13808.32,33.0,648.76
16300,21.0,1079.99,5103.36,35.0,648.0
13675,16.0,843.0,7817.31,21.0,642.29
21430,22.0,553.02,9532.92,19.0,640.34
18685,29.0,308.27,11363.43,14.0,638.55
14950,22.0,1003.44,9656.4,35.0,630.73
10120,22.0,1705.14,9927.84,60.0,625.22
14830,21.0,1517.88,9637.15,51.0,625.01
14125,30.0,2105.89,17408.31,102.0,619.38
14260,18.0,1158.05,9396.51,34.0,613.09
13855,19.0,2212.09,13396.0,69.0,609.13
15445,19.0,1054.36,9696.85,33.0,607.05
20185,31.0,1445.36,21034.46,74.0,605.49
19060,21.0,647.89,6723.23,23.0,591.55
7830,8.0,294.89,4322.9,4.0,589.79
19780,29.0,710.69,18833.44,35.0,588.85
20905,17.0,1280.49,6918.48,37.0,588.33
19420,25.0,1771.03,14047.15,76.0,582.58
20305,25.0,675.43,17696.72,29.0,582.27
12295,20.0,1126.45,9042.27,39.0,577.66
16195,25.0,1314.31,7825.56,57.0,576.45
13555,22.0,943.01,9415.22,36.0,576.29
19165,35.0,1486.35,16018.84,91.0,571.67
20605,32.0,1329.61,10128.54,75.0,567.3
18700,26.0,609.69,14036.43,28.0,566.14
13570,24.0,959.77,8741.46,41.0,561.81
13705,30.0,894.01,12382.28,48.0,558.75
11370,10.0,992.81,4573.58,18.0,551.56
19855,27.0,428.41,11043.08,21.0,550.81
11880,6.0,358.81,1328.83,4.0,538.22
10960,17.0,1518.67,8633.59,48.0,537.86
14185,29.0,1241.89,12800.51,67.0,537.53
18265,26.0,2037.58,14674.0,100.0,529.77
12895,22.0,1080.66,18340.63,45.0,528.32
16615,23.0,1720.55,12348.44,75.0,527.63
9555,8.0,1709.8,8753.47,26.0,526.09
10455,9.0,399.37,2205.25,7.0,513.48
14815,24.0,636.22,7321.44,30.0,508.98
13360,28.0,848.45,6919.81,47.0,505.46
14560,24.0,1030.99,8895.06,49.0,504.98
13735,23.0,1142.6,10515.86,53.0,495.84
12925,20.0,1411.79,11364.68,57.0,495.37
16645,28.0,812.61,22553.11,47.0,484.11
21280,26.0,1054.43,10127.01,57.0,480.97
7095,4.0,119.37,1011.36,0.0,477.48
15505,22.0,644.27,8631.7,30.0,472.46
15850,21.0,988.25,8497.68,44.0,471.66
13810,22.0,1664.8,13549.73,78.0,469.56
6180,9.0,1406.39,5651.9,27.0,468.8
17995,22.0,889.32,10006.45,42.0,465.83
13075,25.0,1370.58,14128.68,75.0,456.86
17020,18.0,1040.35,8189.79,41.0,456.74
19105,16.0,1615.65,8087.78,57.0,453.51
3465,5.0,1175.04,4037.82,13.0,451.94
19615,23.0,2337.14,14866.82,120.0,447.95
19000,18.0,519.62,9474.07,21.0,445.39
6135,8.0,1443.03,4432.65,26.0,444.01
20470,27.0,1471.33,10730.28,90.0,441.4
20965,17.0,1238.83,6777.68,48.0,438.75
13720,21.0,1012.94,8969.44,49.0,434.12
12145,24.0,1471.93,12190.67,82.0,430.81
16120,26.0,1594.5,13134.72,97.0,427.39
12715,19.0,915.39,8392.58,41.0,424.2
12160,25.0,432.56,17910.04,26.0,415.92
7305,8.0,1140.94,4874.59,22.0,414.89
16465,30.0,589.59,15725.04,43.0,411.34
14530,24.0,560.62,11657.75,33.0,407.72
9375,7.0,523.9,2239.45,9.0,407.47
16585,27.0,1398.21,16385.75,93.0,405.93
10600,22.0,905.36,13318.66,50.0,398.36
8430,8.0,890.53,3749.83,18.0,395.79
18010,26.0,639.32,10547.63,42.0,395.77
21445,27.0,116.72,14601.67,8.0,393.93
10750,17.0,1606.56,9639.8,70.0,390.17
20065,21.0,1073.64,7395.75,58.0,388.73
21355,19.0,1093.99,9205.11,54.0,384.92
14755,22.0,593.33,5601.71,34.0,383.92
19180,24.0,2556.74,16753.17,160.0,383.51
21085,18.0,860.44,5395.21,41.0,377.75
5415,11.0,1270.2,8227.02,37.0,377.63
12325,27.0,849.52,9927.9,61.0,376.02
3480,12.0,1713.4,7118.11,55.0,373.83
7785,9.0,285.5,1914.83,7.0,367.08
10990,29.0,177.07,9064.53,14.0,366.78
19930,22.0,683.39,9293.59,42.0,357.97
20770,32.0,445.75,14495.11,40.0,356.6
9780,9.0,158.2,3080.11,4.0,355.94
12070,21.0,1493.42,11122.56,89.0,352.38
17500,22.0,573.46,10314.41,36.0,350.45
7725,11.0,349.78,2083.88,11.0,349.78
10135,19.0,750.29,7307.24,41.0,347.7
7980,5.0,412.73,1654.64,6.0,343.94
6150,6.0,1194.87,5329.77,21.0,341.39
16105,27.0,712.31,11079.1,57.0,337.41
9540,7.0,1252.4,5698.43,26.0,337.19
5055,7.0,913.95,4324.95,19.0,336.72
11640,9.0,1106.25,4906.53,30.0,331.88
20890,22.0,240.3,11260.3,16.0,330.41
3420,4.0,82.26,419.64,1.0,329.04
15115,19.0,1161.64,12801.83,68.0,324.58
17725,28.0,323.48,7839.89,28.0,323.48
18130,23.0,717.16,8532.7,51.0,323.43
2400,5.0,706.98,2293.17,11.0,321.35
8265,9.0,276.78,1170.72,8.0,311.38
3000,10.0,432.15,2093.61,14.0,308.68
14170,21.0,276.78,6736.44,19.0,305.92
10675,21.0,680.79,13023.84,47.0,304.18
18400,25.0,2085.49,15326.83,172.0,303.12
7800,9.0,465.28,4294.27,14.0,299.11
3060,7.0,336.74,2070.26,8.0,294.65
17560,24.0,784.08,10813.79,64.0,294.03
9585,7.0,1469.4,5168.4,35.0,293.88
4545,6.0,1460.3,3698.39,30.0,292.06
14035,31.0,867.17,11387.07,93.0,289.06
18160,20.0,317.56,10043.32,22.0,288.69
11520,11.0,455.45,3991.52,18.0,278.33
270,8.0,450.58,2779.81,13.0,277.28
6330,13.0,405.17,3371.21,19.0,277.22
13030,24.0,1068.35,11644.3,93.0,275.7
14335,22.0,1329.93,8770.74,107.0,273.44
21655,24.0,952.45,9525.46,84.0,272.13
330,7.0,77.5,532.54,2.0,271.27
21265,18.0,15.04,4730.64,1.0,270.8
1980,7.0,231.92,1380.23,6.0,270.57
17155,27.0,749.07,14063.49,75.0,269.67
15100,25.0,1244.23,11802.69,116.0,268.15
9660,9.0,794.18,3391.79,27.0,264.73
11860,21.0,970.34,10555.92,77.0,264.64
16840,26.0,264.6,11287.78,26.0,264.6
8550,8.0,463.04,1898.48,14.0,264.59
11230,22.0,467.92,12573.61,39.0,263.96
8085,8.0,359.66,1703.51,11.0,261.57
3435,10.0,930.21,3515.73,36.0,258.39
12685,20.0,693.63,12798.54,54.0,256.9
4395,8.0,32.03,1220.81,0.0,256.25
1320,6.0,213.06,1885.05,5.0,255.67
4425,10.0,532.89,4585.83,21.0,253.76
8610,6.0,207.85,2121.52,5.0,249.42
10480,20.0,1516.48,17695.59,125.0,242.64
6165,8.0,1088.5,4555.72,36.0,241.89
7125,9.0,881.99,2677.34,33.0,240.54
13870,19.0,187.38,6850.98,15.0,237.34
11605,19.0,1201.18,9202.66,97.0,235.28
13795,17.0,593.12,5597.35,44.0,229.16
6510,7.0,483.03,1544.34,15.0,225.41
975,8.0,616.72,1730.23,22.0,224.26
20500,25.0,1547.23,12930.79,175.0,221.03
11620,24.0,448.51,7849.0,49.0,219.68
10140,7.0,905.39,3491.63,29.0,218.54
18070,23.0,1203.57,10920.4,127.0,217.97
9930,11.0,546.97,6523.39,28.0,214.88
14380,21.0,1461.1,6598.4,145.0,211.61
20875,20.0,147.85,4772.15,14.0,211.21
1095,6.0,384.83,1759.67,11.0,209.91
19120,28.0,623.4,27993.05,84.0,207.8
8190,8.0,181.38,3995.04,7.0,207.29
12085,23.0,620.38,14183.88,69.0,206.79
15340,29.0,239.29,17836.28,34.0,204.1
2760,12.0,625.89,4015.95,37.0,202.99
21775,29.0,41.89,15785.38,6.0,202.49
17125,16.0,518.05,5369.27,41.0,202.17
75,8.0,915.99,3608.34,37.0,198.05
9150,10.0,811.65,3478.44,41.0,197.96
6600,11.0,158.9,1167.74,9.0,194.21
7110,6.0,1764.14,8234.99,55.0,192.45
11745,4.0,190.83,783.63,4.0,190.83
8445,9.0,693.96,4053.72,33.0,189.26
4155,5.0,819.45,2631.99,22.0,186.24
1470,7.0,576.01,2823.85,22.0,183.28
6315,11.0,365.78,2957.72,22.0,182.89
16705,19.0,935.5,5884.78,98.0,181.37
11775,5.0,252.49,1253.17,7.0,180.35
3555,3.0,299.26,971.11,5.0,179.56
7140,6.0,470.88,2954.43,16.0,176.58
1710,10.0,1633.0,4583.29,93.0,175.59
10465,20.0,611.89,8547.83,70.0,174.83
795,10.0,617.49,3395.58,36.0,171.52
12865,34.0,280.33,11185.72,57.0,167.21
10390,19.0,995.74,8453.01,114.0,165.96
2580,5.0,1127.96,3057.26,34.0,165.88
4635,7.0,212.16,1145.01,9.0,165.01
420,9.0,237.55,1689.68,13.0,164.46
6840,9.0,630.34,3649.15,35.0,162.09
4065,9.0,921.73,3213.25,52.0,159.53
3390,6.0,318.36,1376.13,12.0,159.18
21820,15.0,1460.08,10275.78,138.0,158.7
9720,8.0,1139.89,3833.71,58.0,157.23
19825,25.0,737.75,7916.67,118.0,156.3
1515,8.0,525.37,2606.8,27.0,155.67
9195,8.0,641.59,8227.36,33.0,155.54
9990,7.0,655.46,2358.86,30.0,152.94
14050,19.0,424.06,4430.24,53.0,152.02
4605,8.0,264.34,1830.79,14.0,151.05
3450,4.0,528.24,2212.05,14.0,150.93
255,8.0,801.85,4679.5,43.0,149.18
5280,4.0,702.69,1694.85,19.0,147.93
7995,11.0,213.36,1928.01,16.0,146.68
5430,9.0,113.5,883.48,7.0,145.92
15550,19.0,541.3,4002.89,71.0,144.85
3105,6.0,1500.19,6970.72,64.0,140.64
2850,8.0,589.07,4131.14,34.0,138.61
555,11.0,440.46,3096.42,35.0,138.43
8340,9.0,535.36,2707.96,35.0,137.66
6195,8.0,205.48,1200.49,12.0,136.99
2835,10.0,285.66,3373.14,21.0,136.03
6765,4.0,264.99,1365.33,8.0,132.5
3300,6.0,307.06,2982.31,14.0,131.6
2280,7.0,224.4,1205.04,12.0,130.9
1410,7.0,391.06,1859.86,21.0,130.35
2910,8.0,874.95,3051.18,54.0,129.62
5220,6.0,2150.69,7184.72,100.0,129.04
12040,18.0,149.07,3596.27,21.0,127.77
11065,18.0,354.06,8409.06,50.0,127.46
11835,3.0,338.07,1270.41,8.0,126.78
2940,8.0,598.05,2288.4,39.0,122.68
10410,10.0,318.63,2348.46,26.0,122.55
11265,9.0,1269.79,5049.04,94.0,121.58
60,9.0,465.92,1770.23,35.0,119.81
11440,21.0,290.93,8263.98,51.0,119.8
6990,11.0,151.58,1869.77,14.0,119.1
8370,6.0,650.0,2790.23,33.0,118.18
1725,13.0,901.02,5078.4,100.0,117.13
2475,7.0,914.69,3709.88,55.0,116.42
19645,22.0,754.28,5973.59,150.0,110.63
14500,22.0,531.42,6704.19,106.0,110.3
8160,10.0,441.04,2697.07,40.0,110.26
11430,7.0,1811.97,5812.08,118.0,107.49
2175,5.0,1214.57,3340.1,57.0,106.54
5835,7.0,816.46,3388.28,54.0,105.84
7860,5.0,2176.09,6853.51,103.0,105.64
8400,7.0,1736.05,7046.74,117.0,103.87
18100,32.0,130.71,11353.75,41.0,102.02
2565,6.0,708.85,2775.64,42.0,101.26
9975,8.0,808.14,8058.15,64.0,101.02
11350,20.0,555.19,7476.25,111.0,100.03
9945,9.0,217.77,2044.59,20.0,98.0
11295,5.0,233.93,730.91,12.0,97.47
3975,9.0,377.19,2713.62,35.0,96.99
945,7.0,1439.06,4860.92,104.0,96.86
9870,8.0,240.58,1031.44,20.0,96.23
21580,17.0,194.96,10455.53,35.0,94.7
5820,7.0,566.15,2359.01,42.0,94.36
1575,8.0,471.67,1703.98,40.0,94.33
9900,10.0,855.59,4837.22,92.0,93.0
4020,7.0,365.99,1892.78,28.0,91.5
10005,8.0,1177.89,6262.38,104.0,90.61
4305,10.0,456.64,2158.45,51.0,89.54
1785,9.0,475.93,2244.34,48.0,89.24
8220,8.0,490.23,2476.5,44.0,89.13
9165,7.0,422.53,2007.64,34.0,86.99
10785,7.0,260.85,2969.43,21.0,86.95
17065,18.0,393.47,9249.38,84.0,84.32
17620,18.0,106.88,11038.31,23.0,83.65
14410,35.0,47.47,13659.6,20.0,83.06
3630,6.0,469.88,1293.95,34.0,82.92
285,11.0,738.7,4938.46,99.0,82.08
10755,7.0,499.03,2346.91,43.0,81.24
17950,14.0,34.13,4527.39,6.0,79.63
2085,10.0,1130.19,5585.7,142.0,79.59
17455,27.0,155.9,9974.27,54.0,77.95
10195,24.0,158.91,12628.19,49.0,77.83
5985,7.0,569.61,2073.48,52.0,76.68
2955,9.0,100.71,2437.41,12.0,75.53
120,4.0,376.24,1478.08,21.0,71.67
10665,6.0,564.68,3331.13,48.0,70.59
7755,7.0,260.34,1108.5,26.0,70.09
2025,5.0,307.56,1840.89,22.0,69.9
8820,6.0,348.27,1846.56,30.0,69.65
9810,7.0,522.62,3214.79,53.0,69.03
3375,10.0,805.71,3846.78,117.0,68.86
4185,8.0,1039.62,3577.77,121.0,68.74
3315,6.0,533.31,1746.87,47.0,68.08
8355,7.0,979.74,2746.47,103.0,66.58
9705,12.0,810.46,6018.07,149.0,65.27
7440,8.0,780.57,3357.78,96.0,65.05
8985,6.0,1524.43,6390.64,144.0,63.52
1860,9.0,349.55,1618.67,50.0,62.92
525,7.0,133.36,2870.68,15.0,62.23
10320,7.0,673.97,4045.64,76.0,62.08
825,7.0,289.54,2028.91,33.0,61.42
10525,20.0,36.03,8468.96,12.0,60.06
10050,7.0,358.85,2311.85,42.0,59.81
2685,5.0,1556.23,4019.41,131.0,59.4
10245,4.0,325.59,1901.91,22.0,59.2
11400,9.0,724.59,3103.32,111.0,58.75
21835,20.0,318.84,2621.82,111.0,57.45
6825,11.0,166.79,881.75,32.0,57.34
3945,9.0,698.97,2518.74,111.0,56.67
2625,9.0,866.55,5079.9,139.0,56.11
3570,8.0,439.88,2331.41,63.0,55.86
10740,4.0,291.27,2154.12,21.0,55.48
4785,7.0,828.05,3325.61,106.0,54.68
5700,6.0,116.67,1673.16,13.0,53.85
5025,7.0,175.27,1476.61,23.0,53.34
3840,6.0,382.25,1797.74,43.0,53.34
9120,10.0,439.89,1882.95,83.0,53.0
570,9.0,409.82,2044.28,70.0,52.69
20005,22.0,350.47,6801.59,147.0,52.45
3030,6.0,419.32,1636.51,48.0,52.42
10155,13.0,655.74,2451.78,166.0,51.35
7920,6.0,234.69,1350.03,28.0,50.29
8040,7.0,315.91,1690.9,44.0,50.26
7515,9.0,428.42,3193.16,78.0,49.43
3855,7.0,373.63,3736.3,53.0,49.35
4500,5.0,1021.83,4298.37,104.0,49.13
18910,15.0,319.16,7282.58,98.0,48.85
4860,4.0,413.4,1042.77,34.0,48.64
7155,8.0,770.46,3228.75,127.0,48.53
4470,8.0,856.45,3835.63,147.0,46.61
8475,7.0,286.3,2019.01,43.0,46.61
7260,5.0,1220.42,5510.36,131.0,46.58
810,5.0,64.71,485.01,7.0,46.22
4740,8.0,872.43,4610.1,151.0,46.22
1620,10.0,535.92,2919.6,117.0,45.8
8775,5.0,475.71,1522.11,53.0,44.88
6870,8.0,128.42,1220.45,23.0,44.67
135,5.0,814.2,3978.81,92.0,44.25
8685,4.0,1250.76,4994.85,114.0,43.89
10485,8.0,216.3,1157.34,40.0,43.26
6930,9.0,341.08,5080.69,71.0,43.24
1230,8.0,444.29,6134.99,83.0,42.82
8745,5.0,484.23,1246.56,57.0,42.48
11700,7.0,178.57,1271.44,30.0,41.67
2115,3.0,277.53,1907.37,20.0,41.63
1635,9.0,1488.69,5689.26,324.0,41.35
9600,8.0,892.62,3340.47,173.0,41.28
8940,9.0,252.07,1448.86,55.0,41.25
8280,10.0,289.4,3586.7,71.0,40.76
7455,10.0,371.15,4747.37,92.0,40.34
11820,7.0,126.53,1136.21,22.0,40.26
2505,7.0,285.81,1894.5,50.0,40.01
165,6.0,106.6,1399.78,16.0,39.97
5655,8.0,608.46,3602.67,122.0,39.9
21715,24.0,21.39,12000.13,13.0,39.49
9390,7.0,1520.46,5935.98,270.0,39.42
5400,7.0,459.6,2172.03,82.0,39.23
7545,6.0,650.31,2325.24,100.0,39.02
915,5.0,717.51,2668.08,92.0,39.0
1365,5.0,288.18,957.63,37.0,38.94
4680,6.0,466.9,1590.4,72.0,38.91
3240,7.0,136.47,609.3,25.0,38.21
10590,3.0,354.18,940.38,28.0,37.95
6945,12.0,18.65,2726.03,6.0,37.31
3615,4.0,972.43,2824.15,107.0,36.35
9015,8.0,889.68,6612.66,196.0,36.31
9480,6.0,270.51,1061.73,47.0,34.53
960,10.0,1012.69,4629.16,294.0,34.45
345,8.0,606.73,2301.07,141.0,34.42
4845,9.0,532.52,2987.9,141.0,33.99
6060,8.0,588.93,3541.44,140.0,33.65
11070,2.0,621.96,1572.33,37.0,33.62
4170,6.0,288.84,1267.62,54.0,32.09
2160,5.0,314.13,2245.92,49.0,32.05
4800,8.0,140.29,1091.32,36.0,31.18
5550,9.0,41.46,4203.78,12.0,31.1
6705,5.0,763.01,4830.86,123.0,31.02
2070,8.0,1178.09,4545.62,306.0,30.8
9060,6.0,907.46,3670.58,177.0,30.76
5625,8.0,1170.69,4364.76,316.0,29.64
9330,8.0,413.77,4538.26,112.0,29.55
7320,10.0,58.91,1720.19,20.0,29.45
3960,8.0,712.07,2855.87,194.0,29.36
8250,6.0,300.93,1517.55,62.0,29.12
10215,9.0,179.05,1359.25,56.0,28.78
8115,7.0,237.52,1260.7,58.0,28.67
11340,5.0,225.85,1631.32,40.0,28.23
5475,8.0,94.85,914.18,27.0,28.1
3150,14.0,114.41,1577.87,57.0,28.1
10065,8.0,792.01,3861.43,229.0,27.67
4365,9.0,507.38,2751.35,166.0,27.51
6810,6.0,287.91,1049.52,63.0,27.42
6465,7.0,398.0,1532.12,105.0,26.53
2265,7.0,391.4,3364.64,105.0,26.09
5730,6.0,2089.74,5862.87,483.0,25.96
1080,6.0,896.94,3808.17,209.0,25.75
5160,8.0,50.11,1588.12,16.0,25.05
11115,6.0,490.35,1870.17,119.0,24.72
4215,6.0,393.05,2935.61,96.0,24.57
660,4.0,726.87,2676.09,119.0,24.43
9405,6.0,287.67,1967.4,71.0,24.31
7035,9.0,283.44,2677.98,106.0,24.07
3810,6.0,232.57,1032.88,58.0,24.06
11235,10.0,549.57,3901.35,230.0,23.89
1200,4.0,784.33,3105.82,133.0,23.59
12970,11.0,463.24,9166.21,217.0,23.48
11385,5.0,36.99,4819.95,8.0,23.12
1665,7.0,500.72,5101.91,152.0,23.06
705,6.0,509.94,1303.77,136.0,22.5
6570,6.0,179.58,2577.72,48.0,22.45
4770,8.0,522.37,4550.32,187.0,22.35
5940,13.0,38.73,2927.34,23.0,21.89
10965,6.0,656.35,2476.3,180.0,21.88
8790,7.0,353.55,1746.84,114.0,21.71
5460,9.0,439.49,3294.02,188.0,21.04
6360,7.0,300.17,2221.36,100.0,21.01
9765,6.0,425.85,1524.15,123.0,20.77
8295,10.0,88.98,4072.17,43.0,20.69
7335,5.0,459.91,3494.23,112.0,20.53
10470,3.0,867.66,3086.67,128.0,20.34
1140,6.0,43.71,1857.69,13.0,20.17
4890,6.0,187.99,1656.97,56.0,20.14
10185,7.0,223.3,1268.44,78.0,20.04
5670,6.0,425.57,2585.03,128.0,19.95
2100,5.0,238.37,1020.05,60.0,19.86
8805,9.0,263.5,2787.67,120.0,19.76
10845,4.0,261.66,1368.12,53.0,19.75
3075,10.0,311.29,2063.68,159.0,19.58
4815,5.0,244.0,1196.68,63.0,19.37
8145,3.0,1790.51,5229.11,281.0,19.12
1875,6.0,100.18,1431.43,32.0,18.78
2355,9.0,114.48,1307.16,55.0,18.73
5310,5.0,158.72,836.99,43.0,18.46
1935,7.0,125.27,459.29,48.0,18.27
585,9.0,151.72,2232.22,75.0,18.21
6240,7.0,517.53,1945.32,201.0,18.02
5580,5.0,176.52,880.32,49.0,18.01
4320,5.0,96.55,816.58,27.0,17.88
5685,5.0,502.44,1944.06,142.0,17.69
2715,7.0,294.95,2838.26,117.0,17.65
4050,7.0,407.72,2301.31,162.0,17.62
4980,5.0,1628.63,4409.3,464.0,17.55
7845,4.0,148.7,991.73,34.0,17.49
5175,5.0,433.14,1353.09,124.0,17.47
4410,9.0,566.34,1610.22,297.0,17.16
990,7.0,122.36,822.29,50.0,17.13
9300,4.0,117.78,519.12,28.0,16.83
8325,8.0,31.54,1336.69,15.0,16.82
8850,4.0,529.09,1432.99,127.0,16.66
9960,5.0,365.93,1639.96,112.0,16.34
10275,5.0,159.26,1480.58,49.0,16.25
11325,4.0,669.88,2395.72,168.0,15.95
4005,6.0,509.0,2629.67,196.0,15.58
4080,9.0,250.1,1925.54,145.0,15.52
930,6.0,95.08,782.06,37.0,15.42
7020,3.0,297.73,973.21,58.0,15.4
10725,7.0,191.21,2944.49,91.0,14.71
5745,7.0,405.3,2275.5,194.0,14.62
5775,5.0,37.92,1712.49,13.0,14.58
90,4.0,76.31,435.2,21.0,14.54
8490,4.0,731.04,2395.35,206.0,14.19
1110,10.0,258.42,1696.83,184.0,14.04
675,10.0,242.27,2368.13,173.0,14.0
10950,9.0,161.42,1336.31,104.0,13.97
7350,6.0,189.68,1374.2,82.0,13.88
7275,5.0,650.4,4301.04,235.0,13.84
6210,6.0,84.81,1033.29,37.0,13.75
8925,3.0,223.53,759.21,49.0,13.69
9465,3.0,1296.81,3675.24,287.0,13.56
2340,4.0,1565.31,5044.65,463.0,13.52
3225,8.0,108.77,1407.98,65.0,13.39
3255,8.0,77.61,2714.49,48.0,12.93
6120,6.0,299.7,2513.07,140.0,12.84
9495,3.0,393.51,3057.21,96.0,12.3
3525,6.0,652.15,2191.27,321.0,12.19
9240,7.0,104.88,1237.53,61.0,12.04
7710,8.0,94.8,1529.46,63.0,12.04
15,5.0,963.72,4607.13,412.0,11.7
2895,6.0,282.9,1292.13,146.0,11.63
3600,10.0,128.77,2809.06,111.0,11.6
10680,4.0,543.36,6344.79,189.0,11.5
10545,4.0,51.09,418.32,18.0,11.35
5520,4.0,315.41,2227.52,112.0,11.26
10125,9.0,364.63,2961.19,294.0,11.16
9420,7.0,52.62,385.44,33.0,11.16
11280,9.0,193.03,1574.32,156.0,11.14
9615,8.0,366.85,2420.23,265.0,11.07
2670,6.0,268.6,1527.58,146.0,11.04
2490,3.0,611.13,1664.13,169.0,10.85
5490,7.0,151.78,1487.38,99.0,10.73
6030,4.0,572.45,1573.04,218.0,10.5
1530,7.0,522.8,1535.78,352.0,10.4
735,5.0,143.07,403.65,69.0,10.37
7365,5.0,229.02,1365.54,111.0,10.32
7770,6.0,166.11,538.56,98.0,10.17
4200,3.0,509.12,2585.9,151.0,10.11
3720,8.0,197.0,1727.96,156.0,10.1
10530,6.0,159.54,943.26,95.0,10.08
2520,7.0,168.44,1116.2,119.0,9.91
11475,9.0,219.86,1907.75,204.0,9.7
6720,3.0,1122.02,2928.65,349.0,9.64
7740,4.0,382.97,1136.9,159.0,9.63
10905,5.0,247.78,1711.99,132.0,9.39
11160,5.0,194.67,1130.07,105.0,9.27
1680,4.0,131.64,807.36,57.0,9.24
9315,4.0,534.6,1820.85,232.0,9.22
3270,2.0,219.78,886.23,48.0,9.16
11085,8.0,249.12,1390.68,219.0,9.1
720,6.0,55.3,999.7,37.0,8.97
480,5.0,554.61,2063.49,314.0,8.83
1260,6.0,58.22,291.56,40.0,8.73
2970,4.0,123.72,513.03,57.0,8.68
150,4.0,862.14,3143.88,398.0,8.66
1170,6.0,275.88,904.92,193.0,8.58
9270,6.0,394.81,1274.35,286.0,8.28
4230,6.0,250.93,814.57,184.0,8.18
1890,9.0,83.48,560.74,92.0,8.17
7380,4.0,633.17,1745.57,322.0,7.87
360,6.0,229.38,2035.83,175.0,7.86
5565,6.0,547.74,3776.7,420.0,7.82
8670,6.0,294.06,2871.87,226.0,7.81
7950,3.0,252.13,933.19,98.0,7.72
6525,7.0,101.48,1429.88,93.0,7.64
1650,8.0,458.68,2537.11,481.0,7.63
9735,3.0,298.77,950.13,118.0,7.6
7395,7.0,142.26,1049.4,132.0,7.54
9135,6.0,369.79,1429.3,301.0,7.37
7965,8.0,177.48,567.09,196.0,7.24
5865,6.0,83.87,1544.27,70.0,7.19
10365,5.0,258.25,1256.47,183.0,7.06
11565,5.0,145.17,857.37,103.0,7.05
8895,6.0,350.08,1981.3,299.0,7.03
3585,4.0,48.74,461.87,28.0,6.96
4920,6.0,103.79,670.67,90.0,6.92
6345,6.0,65.7,536.46,57.0,6.92
1815,5.0,82.85,431.87,61.0,6.79
3045,13.0,17.14,4640.32,33.0,6.75
2550,5.0,357.09,1433.4,271.0,6.59
1560,5.0,114.84,1564.02,90.0,6.38
6555,7.0,157.83,2184.06,175.0,6.31
1455,2.0,460.11,1340.31,146.0,6.3
11190,4.0,179.49,1115.37,114.0,6.3
4335,4.0,166.77,550.95,110.0,6.06
10380,4.0,410.13,1556.16,275.0,5.97
8100,3.0,205.44,659.34,104.0,5.93
10110,3.0,152.16,613.71,78.0,5.85
11100,4.0,364.71,1856.19,253.0,5.77
4875,6.0,294.24,1121.22,310.0,5.69
2460,8.0,141.84,2671.23,202.0,5.62
1590,5.0,262.23,819.45,237.0,5.53
3735,11.0,12.94,3691.39,26.0,5.48
4095,9.0,79.83,2833.56,131.0,5.48
1950,5.0,148.0,714.07,135.0,5.48
240,5.0,545.07,1686.51,498.0,5.47
10605,6.0,211.5,2816.07,233.0,5.45
11595,4.0,219.63,752.07,162.0,5.42
10080,6.0,331.91,1078.73,369.0,5.4
1545,5.0,52.19,207.23,49.0,5.33
1275,7.0,96.38,1009.97,128.0,5.27
5265,4.0,156.1,1131.91,120.0,5.2
8175,6.0,77.3,2169.17,90.0,5.15
7590,3.0,569.58,1554.06,336.0,5.09
2865,7.0,145.7,1502.96,202.0,5.05
6735,7.0,98.25,1897.95,137.0,5.02
3360,2.0,1074.27,3691.53,434.0,4.95
11055,3.0,533.06,2355.14,324.0,4.94
5010,3.0,323.01,1497.57,196.0,4.94
3795,6.0,172.35,1531.08,212.0,4.88
7620,7.0,168.01,1179.67,245.0,4.8
5505,3.0,542.01,2729.34,341.0,4.77
11445,7.0,250.77,745.14,368.0,4.77
11760,3.0,374.71,1615.66,236.0,4.76
11130,6.0,109.48,1261.45,139.0,4.73
2805,7.0,172.66,5088.85,257.0,4.7
6630,5.0,300.31,1795.87,326.0,4.61
1830,13.0,39.99,4777.41,113.0,4.6
11310,3.0,243.54,714.42,160.0,4.57
10890,6.0,301.01,1424.78,400.0,4.52
9795,5.0,26.87,255.29,30.0,4.48
4485,4.0,95.2,794.62,85.0,4.48
3705,3.0,594.6,3141.63,398.0,4.48
10230,3.0,286.32,1793.91,194.0,4.43
4530,5.0,95.67,525.9,113.0,4.23
1155,6.0,180.9,1110.78,261.0,4.16
11805,4.0,140.31,1190.22,135.0,4.16
5340,6.0,98.5,606.1,142.0,4.16
510,10.0,42.8,2638.64,104.0,4.12
6075,4.0,272.52,747.21,266.0,4.1
1605,5.0,224.49,689.64,275.0,4.08
5130,11.0,72.3,5765.4,197.0,4.04
9525,7.0,51.18,1376.91,89.0,4.03
6375,5.0,256.63,2124.7,321.0,4.0
2790,7.0,73.82,1030.79,131.0,3.94
3750,6.0,118.56,939.15,184.0,3.87
1905,4.0,371.55,1436.31,384.0,3.87
10170,4.0,24.06,1647.24,26.0,3.7
4710,4.0,49.28,1079.06,55.0,3.58
1920,4.0,277.18,1821.22,314.0,3.53
4245,6.0,288.47,1540.64,491.0,3.53
5205,5.0,404.22,1617.6,591.0,3.42
5040,4.0,159.07,579.34,188.0,3.38
3090,3.0,76.13,273.77,68.0,3.36
6495,4.0,333.21,1454.76,398.0,3.35
2445,4.0,288.53,1741.58,348.0,3.32
10635,4.0,129.87,658.98,158.0,3.29
11175,4.0,175.36,850.33,216.0,3.25
8520,1.0,511.65,1540.53,158.0,3.24
540,8.0,88.17,561.6,221.0,3.19
10095,7.0,99.16,918.52,225.0,3.09
2700,4.0,106.88,1432.37,141.0,3.03
6540,7.0,14.22,505.89,33.0,3.02
11610,5.0,105.42,2011.14,175.0,3.01
11415,4.0,467.15,1950.95,641.0,2.92
2595,3.0,197.79,662.28,215.0,2.76
375,8.0,77.44,654.49,253.0,2.45
5640,4.0,103.17,428.43,173.0,2.39
6960,8.0,54.73,2487.4,191.0,2.29
6435,4.0,80.97,427.29,147.0,2.2
8415,5.0,46.66,1503.43,106.0,2.2
9000,4.0,313.71,1160.43,572.0,2.19
11655,6.0,73.17,452.88,202.0,2.17
5760,6.0,93.4,1890.13,268.0,2.09
2310,5.0,139.23,636.06,336.0,2.07
2010,3.0,30.87,223.56,46.0,2.01
3660,3.0,150.46,2207.71,237.0,1.9
4695,7.0,59.92,791.5,222.0,1.89
210,4.0,202.71,3277.11,457.0,1.77
465,4.0,106.45,650.83,241.0,1.77
7695,7.0,84.79,2104.6,335.0,1.77
6750,5.0,44.19,745.65,125.0,1.77
7485,5.0,159.76,952.54,470.0,1.7
7185,5.0,55.85,556.52,177.0,1.58
4650,5.0,31.93,1000.42,103.0,1.55
2055,3.0,131.4,1601.73,258.0,1.53
7290,3.0,365.4,1685.34,737.0,1.49
1380,5.0,38.33,469.46,131.0,1.46
10710,4.0,89.4,702.24,252.0,1.42
8130,5.0,79.47,826.35,287.0,1.38
11790,4.0,47.44,386.17,147.0,1.29
6300,4.0,33.69,221.61,106.0,1.27
9630,2.0,252.6,560.01,399.0,1.27
9915,2.0,85.44,420.66,139.0,1.23
3180,2.0,43.63,185.14,71.0,1.23
11865,3.0,65.15,1011.8,160.0,1.22
6420,3.0,100.39,622.45,251.0,1.2
6225,3.0,142.29,891.36,371.0,1.15
6975,5.0,40.19,716.18,178.0,1.13
1290,4.0,99.27,383.34,369.0,1.08
885,2.0,88.32,354.99,167.0,1.06
11040,2.0,26.31,187.35,54.0,0.97
11895,4.0,22.27,166.3,99.0,0.9
6390,3.0,77.37,318.72,273.0,0.85
3990,6.0,4.6,672.49,33.0,0.84
405,6.0,31.2,571.11,222.0,0.84
7605,2.0,70.68,208.41,195.0,0.72
4590,4.0,61.63,700.69,352.0,0.7
7635,4.0,113.8,695.29,664.0,0.69
2430,2.0,160.59,1041.57,471.0,0.68
5955,2.0,32.31,307.8,106.0,0.61
10515,3.0,130.38,424.53,674.0,0.58
10035,4.0,130.62,1164.15,956.0,0.55
8730,4.0,33.24,265.05,242.0,0.55
4965,5.0,9.74,354.59,99.0,0.49
6615,3.0,30.18,205.98,186.0,0.49
1005,2.0,176.43,732.03,734.0,0.48
2610,3.0,52.82,782.39,344.0,0.46
3195,4.0,115.72,1241.23,1063.0,0.44
3330,3.0,94.74,1159.35,705.0,0.4
10500,3.0,34.58,454.07,274.0,0.38
4575,6.0,12.25,1821.91,209.0,0.35
10860,2.0,62.14,503.5,398.0,0.31
4275,5.0,8.15,113.06,134.0,0.3
10575,2.0,41.64,328.02,373.0,0.22
7665,3.0,3.42,161.91,48.0,0.21
11715,4.0,4.72,602.35,94.0,0.2
10335,4.0,17.42,831.5,400.0,0.17
8625,2.0,33.0,442.32,461.0,0.14
8310,2.0,26.35,251.32,575.0,0.09
6690,7.0,3.08,1696.01,238.0,0.09
7650,1.0,27.15,301.71,495.0,0.05
8010,1.0,15.9,160.5,392.0,0.04
7875,1.0,15.87,80.19,403.0,0.04
6900,3.0,1.99,840.79,306.0,0.02
4035,3.0,0.89,131.81,165.0,0.02
9825,1.0,0.0,37.44,741.0,0.0
11205,3.0,-0.89,641.65,307.0,-0.01
7890,1.0,-22.48,19.13,373.0,-0.06
2985,1.0,-78.89,81.43,1206.0,-0.07
11910,1.0,-15.57,7.17,200.0,-0.08
3405,2.0,-30.26,548.68,557.0,-0.11
2385,4.0,-19.93,580.61,574.0,-0.14
7080,7.0,-3.64,1831.34,184.0,-0.14
1995,2.0,-71.59,422.78,783.0,-0.18
7470,2.0,-58.38,58.11,543.0,-0.22
1500,3.0,-31.29,52.05,398.0,-0.24
5325,3.0,-36.97,203.39,460.0,-0.24
6585,2.0,-47.19,216.78,371.0,-0.25
11550,5.0,-24.21,283.83,389.0,-0.31
1035,1.0,-219.8,124.42,600.0,-0.37
3825,6.0,-30.07,378.26,482.0,-0.37
10800,2.0,-77.84,89.29,359.0,-0.43
10350,9.0,-4.9,1244.45,100.0,-0.44
3210,7.0,-54.16,387.02,582.0,-0.65
8595,5.0,-67.4,1731.94,512.0,-0.66
10425,5.0,-6.46,281.21,44.0,-0.73
6405,3.0,-105.76,238.55,387.0,-0.82
7500,5.0,-54.45,810.87,281.0,-0.97
6915,3.0,-232.75,468.65,684.0,-1.02
7200,4.0,-102.47,340.66,383.0,-1.07
4830,3.0,-61.84,391.94,148.0,-1.25
6270,1.0,-1023.54,813.06,811.0,-1.26
9510,7.0,-136.33,1837.79,700.0,-1.36
2640,5.0,-99.12,767.64,362.0,-1.37
8865,6.0,-80.52,2973.15,352.0,-1.37
9645,3.0,-114.16,282.59,239.0,-1.43
2415,4.0,-184.81,1232.57,516.0,-1.43
2745,4.0,-179.02,293.03,492.0,-1.46
855,4.0,-74.59,919.97,203.0,-1.47
3870,5.0,-166.82,184.87,497.0,-1.68
9570,5.0,-150.19,586.76,446.0,-1.68
10020,4.0,-115.51,476.33,264.0,-1.75
3285,4.0,-178.06,800.0,392.0,-1.82
2145,6.0,-164.13,1158.18,504.0,-1.95
10650,6.0,-56.47,770.9,169.0,-2.01
5535,5.0,-101.31,847.83,243.0,-2.08
10260,7.0,-42.88,3166.52,141.0,-2.13
11505,4.0,-157.49,2123.95,287.0,-2.2
5715,7.0,-27.12,180.3,86.0,-2.21
3915,3.0,-55.62,487.95,75.0,-2.22
30,7.0,-150.5,6320.02,468.0,-2.25
18580,10.0,-105.25,4875.6,452.0,-2.33
5805,3.0,-112.44,208.38,133.0,-2.54
11850,2.0,-146.6,182.53,114.0,-2.57
3120,4.0,-242.12,671.23,358.0,-2.71
5100,7.0,-63.16,1052.81,163.0,-2.71
6000,7.0,-68.45,1881.01,174.0,-2.75
8760,5.0,-192.2,1706.2,347.0,-2.77
9360,4.0,-70.9,404.51,93.0,-3.05
9075,3.0,-505.69,992.78,494.0,-3.07
10290,5.0,-120.67,1975.4,191.0,-3.16
7410,3.0,-184.45,193.13,169.0,-3.27
1335,5.0,-380.69,1321.15,572.0,-3.33
10395,4.0,-52.83,129.03,63.0,-3.35
11010,3.0,-270.5,300.67,242.0,-3.35
5850,4.0,-634.0,2003.6,697.0,-3.64
4995,8.0,-178.26,2099.97,390.0,-3.66
45,3.0,-291.76,1616.33,233.0,-3.76
8655,5.0,-83.66,434.62,110.0,-3.8
4140,6.0,-58.87,1900.79,93.0,-3.8
8535,7.0,-79.6,1250.87,138.0,-4.04
6660,3.0,-40.45,188.54,30.0,-4.04
9855,6.0,-289.55,3569.14,400.0,-4.34
4455,4.0,-234.12,488.43,208.0,-4.5
7560,4.0,-264.17,1628.17,232.0,-4.55
11625,5.0,-366.86,1810.75,398.0,-4.61
4620,4.0,-115.87,764.6,100.0,-4.63
450,7.0,-125.19,1026.6,181.0,-4.84
10770,7.0,-127.66,2033.21,184.0,-4.86
2040,5.0,-395.91,518.94,378.0,-5.24
7905,11.0,-71.44,1244.96,149.0,-5.27
7215,5.0,-145.18,1522.01,132.0,-5.5
10920,4.0,-165.22,896.39,107.0,-6.18
9885,8.0,-99.49,503.27,125.0,-6.37
5595,6.0,-723.76,806.69,679.0,-6.4
1965,8.0,-103.18,2883.14,127.0,-6.5
2235,5.0,-66.3,243.03,51.0,-6.5
6885,9.0,-152.96,1828.09,209.0,-6.59
8565,4.0,-166.57,328.58,99.0,-6.73
16060,19.0,-24.03,7683.04,65.0,-7.02
4950,6.0,-261.95,2830.42,208.0,-7.56
10695,4.0,-350.48,1468.9,174.0,-8.06
10620,5.0,-225.01,299.57,139.0,-8.09
2130,4.0,-645.52,1367.27,305.0,-8.47
9840,6.0,-210.44,571.72,138.0,-9.15
2775,4.0,-714.21,1485.9,309.0,-9.25
3780,8.0,-240.83,734.86,205.0,-9.4
8580,7.0,-586.17,1059.48,428.0,-9.59
5445,6.0,-31.66,2490.2,19.0,-10.0
9045,7.0,-87.38,829.36,61.0,-10.03
4260,9.0,-123.94,308.21,110.0,-10.14
1215,5.0,-237.59,398.92,117.0,-10.15
3135,4.0,-110.93,1301.65,43.0,-10.32
7245,6.0,-380.05,953.15,217.0,-10.51
8715,5.0,-995.86,1507.76,459.0,-10.85
5370,6.0,-263.45,3211.45,144.0,-10.98
11535,3.0,-1355.66,2214.97,370.0,-10.99
9750,7.0,-64.54,929.18,40.0,-11.3
10875,4.0,-707.83,556.31,250.0,-11.33
2820,8.0,-78.47,1188.01,55.0,-11.41
1755,5.0,-697.77,1679.76,295.0,-11.83
8970,4.0,-371.23,1395.95,124.0,-11.98
7005,6.0,-87.2,361.69,43.0,-12.17
4935,7.0,-98.59,1174.82,56.0,-12.32
2190,4.0,-480.69,1451.49,152.0,-12.65
10995,3.0,-769.81,780.38,180.0,-12.83
9255,5.0,-164.41,387.05,61.0,-13.48
4725,4.0,-240.29,1460.8,70.0,-13.73
1245,3.0,-595.3,684.26,128.0,-13.95
5610,6.0,-408.16,756.86,175.0,-13.99
1020,7.0,-193.13,3007.0,96.0,-14.08
1305,10.0,-44.25,1305.96,31.0,-14.27
9690,8.0,-175.25,1399.0,98.0,-14.31
16015,24.0,-29.4,8690.63,48.0,-14.7
5790,5.0,-905.03,1323.07,299.0,-15.13
4350,3.0,-71.83,110.48,14.0,-15.39
5070,7.0,-112.67,2064.07,50.0,-15.77
3495,5.0,-913.9,773.6,282.0,-16.2
7815,6.0,-501.58,1500.59,176.0,-17.1
1695,5.0,-151.65,488.85,44.0,-17.23
1770,5.0,-869.54,3405.07,238.0,-18.27
7680,9.0,-151.24,4298.48,74.0,-18.39
6675,3.0,-120.95,391.84,19.0,-19.1
10980,8.0,-114.58,3239.06,47.0,-19.5
390,4.0,-548.48,473.11,112.0,-19.59
9210,7.0,-909.72,5302.2,307.0,-20.74
8910,4.0,-627.65,948.46,121.0,-20.75
4560,6.0,-534.71,4955.53,153.0,-20.97
615,7.0,-280.55,2298.43,92.0,-21.35
1485,9.0,-231.13,2803.97,97.0,-21.44
2205,5.0,-345.39,950.7,79.0,-21.86
6450,8.0,-255.38,1767.28,93.0,-21.97
3645,5.0,-181.1,1689.25,41.0,-22.09
6255,8.0,-160.21,1094.36,57.0,-22.49
10440,4.0,-533.44,1929.08,92.0,-23.19
1395,4.0,-199.03,448.85,33.0,-24.13
195,9.0,-751.15,2651.56,278.0,-24.32
8880,5.0,-953.7,1085.64,196.0,-24.33
495,11.0,-106.85,1003.99,48.0,-24.49
7935,6.0,-124.98,2175.33,30.0,-25.0
900,4.0,-146.52,1699.47,23.0,-25.48
7530,8.0,-163.07,1456.81,51.0,-25.58
5880,6.0,-979.65,1746.0,208.0,-28.26
690,5.0,-329.83,1817.9,58.0,-28.43
840,7.0,-228.42,1947.0,56.0,-28.55
11580,5.0,-275.08,403.01,48.0,-28.65
14695,19.0,-71.28,14564.94,47.0,-28.82
6795,8.0,-212.14,1796.12,56.0,-30.31
11460,8.0,-160.15,1649.78,42.0,-30.5
6855,8.0,-326.45,2822.71,80.0,-32.65
8700,6.0,-234.14,1880.62,37.0,-37.97
6480,7.0,-461.76,2119.74,84.0,-38.48
1350,6.0,-139.97,616.24,21.0,-39.99
11685,6.0,-94.96,858.98,13.0,-43.83
12760,26.0,-100.51,6574.8,57.0,-45.84
8955,3.0,-214.66,359.06,14.0,-46.0
9030,7.0,-377.6,1081.0,57.0,-46.37
9435,6.0,-1731.1,3179.15,216.0,-48.09
8640,8.0,-297.33,1771.44,47.0,-50.61
11025,7.0,-137.87,323.11,19.0,-50.79
10560,6.0,-110.86,1480.1,13.0,-51.16
3885,8.0,-360.82,525.47,56.0,-51.55
21415,21.0,-120.96,10926.72,48.0,-52.92
2655,12.0,-221.11,1389.83,50.0,-53.07
2295,9.0,-521.11,1283.24,85.0,-55.18
1125,6.0,-269.72,396.04,29.0,-55.8
10830,10.0,-56.54,872.68,10.0,-56.54
2925,7.0,-303.35,832.0,37.0,-57.39
7230,10.0,-569.29,1164.35,99.0,-57.5
9675,8.0,-268.27,1715.09,36.0,-59.61
4515,7.0,-316.13,1318.39,35.0,-63.23
16945,20.0,-86.51,10420.12,27.0,-64.08
8070,7.0,-2991.62,6851.92,323.0,-64.83
300,6.0,-1072.62,1703.31,98.0,-65.67
2535,2.0,-234.69,147.12,7.0,-67.05
3765,9.0,-1014.77,1010.38,128.0,-71.35
5295,8.0,-570.77,2433.94,63.0,-72.48
4905,4.0,-235.63,1106.6,13.0,-72.5
11730,4.0,-508.41,432.0,28.0,-72.63
15940,14.0,-26.76,3874.77,5.0,-74.92
765,8.0,-1075.28,1859.53,114.0,-75.46
3540,4.0,-1046.16,1216.59,54.0,-77.49
10200,8.0,-1384.4,2633.32,141.0,-78.55
105,7.0,-495.33,2156.4,43.0,-80.64
1440,10.0,-760.73,2132.56,93.0,-81.8
9285,14.0,-1519.82,6226.69,254.0,-83.77
10935,3.0,-331.69,487.75,11.0,-90.46
10305,7.0,-213.15,3207.18,16.0,-93.25
435,12.0,-221.37,1287.99,28.0,-94.87
8025,9.0,-149.75,1095.43,14.0,-96.27
21790,26.0,-411.87,9908.61,110.0,-97.35
6015,8.0,-575.01,2652.78,42.0,-109.53
16480,20.0,-156.16,6240.65,27.0,-115.67
9180,9.0,-380.95,1231.07,29.0,-118.23
1845,8.0,-359.66,1593.31,24.0,-119.89
8835,6.0,-870.14,801.41,42.0,-124.3
11490,8.0,-877.55,2063.02,55.0,-127.64
5190,8.0,-2385.94,3510.17,149.0,-128.1
645,11.0,-608.35,1968.32,51.0,-131.21
11575,25.0,-189.54,10351.33,34.0,-139.37
20410,26.0,-187.12,15759.48,33.0,-147.43
17080,23.0,-261.94,7631.99,40.0,-150.61
6105,6.0,-2601.42,3914.94,102.0,-153.02
8055,8.0,-638.5,1924.91,33.0,-154.79
7425,5.0,-1129.3,1489.85,35.0,-161.33
3900,11.0,-756.31,6549.95,51.0,-163.13
1740,4.0,-658.3,692.45,16.0,-164.57
6285,9.0,-591.2,3100.15,32.0,-166.27
14905,24.0,-526.07,15826.81,69.0,-182.98
11355,8.0,-321.98,438.16,14.0,-183.99
5910,8.0,-930.34,4013.99,40.0,-186.07
5925,8.0,-518.63,1012.09,22.0,-188.59
6045,10.0,-529.58,3235.66,28.0,-189.14
4110,10.0,-391.95,2417.76,20.0,-195.98
3690,5.0,-477.88,1815.95,12.0,-199.11
17905,31.0,-139.2,13202.45,21.0,-205.48
10405,20.0,-583.48,8956.82,54.0,-216.1
21520,34.0,-198.09,16716.76,30.0,-224.5
3345,6.0,-5474.61,4998.42,145.0,-226.54
20050,28.0,-340.43,16813.22,40.0,-238.3
12025,23.0,-98.73,11685.32,9.0,-252.31
2880,8.0,-128.25,2291.46,4.0,-256.49
750,10.0,-682.2,2231.28,26.0,-262.39
4125,13.0,-445.56,5012.22,22.0,-263.29
10255,31.0,-43.24,10786.72,5.0,-268.08
18235,24.0,-180.24,17933.06,16.0,-270.36
5355,9.0,-2891.35,3475.76,96.0,-271.06
180,3.0,-510.76,681.29,5.0,-306.46
20665,23.0,-54.43,7442.46,4.0,-312.98
9225,7.0,-672.77,1474.27,14.0,-336.38
15070,25.0,-567.63,17854.1,40.0,-354.77
630,11.0,-1103.31,2000.01,33.0,-367.77
18415,19.0,-771.64,9255.79,39.0,-375.93
19195,20.0,-1667.69,10872.01,86.0,-387.83
5250,5.0,-488.02,2424.2,6.0,-406.68
8505,5.0,-1166.55,962.85,13.0,-448.67
13000,29.0,-949.6,13882.76,61.0,-451.45
19300,23.0,-1673.57,13480.92,85.0,-452.85
2730,11.0,-212.6,1359.58,5.0,-467.73
5385,9.0,-782.24,3183.08,15.0,-469.34
15790,24.0,-293.68,10267.75,15.0,-469.9
13525,18.0,-925.56,9640.38,35.0,-476.0
12655,18.0,-733.96,14188.72,27.0,-489.3
12850,29.0,-659.56,9307.37,37.0,-516.96
12355,29.0,-115.63,9240.9,6.0,-558.89
11890,30.0,-247.74,17622.41,13.0,-571.7
6090,5.0,-1397.12,1215.52,12.0,-582.14
18310,25.0,-593.28,10587.33,25.0,-593.28
10815,9.0,-537.14,7728.91,8.0,-604.28
15985,38.0,-182.93,18863.4,11.0,-631.95
225,7.0,-215.02,469.52,2.0,-752.59
17875,31.0,-133.48,14452.82,5.0,-827.58
3165,6.0,-973.79,1517.95,7.0,-834.68
20560,25.0,-2527.12,12738.71,71.0,-889.83
20290,21.0,-1776.31,18538.53,41.0,-909.82
14995,27.0,-474.87,9712.87,14.0,-915.82
7170,7.0,-530.98,2281.18,4.0,-929.22
12670,28.0,-549.58,9969.03,16.0,-961.77
19390,32.0,-452.08,16114.91,15.0,-964.43
21040,29.0,-732.49,9410.26,22.0,-965.56
16030,32.0,-675.45,19218.81,21.0,-1029.25
20320,21.0,-1083.67,31125.29,21.0,-1083.67
14635,19.0,-3790.08,19080.35,56.0,-1285.92
11950,30.0,-1148.08,14222.97,25.0,-1377.69
21685,32.0,-1550.84,13708.12,32.0,-1550.84
11815,22.0,-2881.64,14362.8,40.0,-1584.9
13450,25.0,-826.07,13035.37,13.0,-1588.6
1185,10.0,-645.53,1430.62,4.0,-1613.84
14845,27.0,-824.01,21228.55,12.0,-1854.02
15670,19.0,-1185.99,13338.09,12.0,-1877.82
11670,9.0,-211.75,1230.05,0.0,-1905.74
14965,34.0,-1607.25,16810.69,23.0,-2375.93
19525,26.0,-99.16,15009.29,0.0,-2578.23
4665,9.0,-293.27,1077.07,1.0,-2639.44
4380,6.0,-445.59,843.54,1.0,-2673.54
20140,32.0,-1517.72,20138.6,15.0,-3237.79
6645,5.0,-657.71,1576.3,0.0,-3288.57
17185,21.0,-3700.2,12864.72,22.0,-3532.0
21550,26.0,-709.54,12808.91,5.0,-3689.6
11140,26.0,-1140.64,25312.29,8.0,-3707.07
5115,9.0,-2083.9,2907.68,5.0,-3751.02
12505,16.0,-6437.37,11535.25,27.0,-3814.74
18340,21.0,-996.24,13905.35,5.0,-4184.21
20995,25.0,-178.31,6924.19,0.0,-4457.77
21925,20.0,-276.68,9479.34,1.0,-5533.58
17890,29.0,-977.3,13162.25,5.0,-5668.33
20425,19.0,-2544.73,12721.25,8.0,-6043.73
12490,29.0,-422.26,11110.5,2.0,-6122.74
13120,16.0,-2028.58,5602.59,5.0,-6491.45
780,12.0,-612.01,2570.99,1.0,-7344.07
18745,21.0,-904.33,10693.5,2.0,-9495.49
10660,21.0,-999.0,6255.62,2.0,-10489.47
14680,31.0,-1804.82,12010.61,1.0,-55949.48
